{
  "CasualGames": [
    {
      "OrderNumber": "1",
      "ImageName": "MicrosoftUltimateWordGames.png",
      "StoreId": "534004979",
      "GameName": "Microsoft Ultimate Word Games",
      "PFN": "Microsoft.Studios.Wordament_8wekyb3d8bbwe",
   	  "Referrer": "MCG_solitaire_othergames",
      "Protocol": "xboxliveapp-534004979"
    },
	{
      "OrderNumber": "2",
      "ImageName": "MicrosoftMahjong.png",
      "StoreId": "1297290225",
      "GameName": "Microsoft Mahjong",
      "PFN": "Microsoft.MicrosoftMahjong_8wekyb3d8bbwe",
	  "Referrer": "MCG_solitaire_othergames",
      "Protocol": "xboxliveapp-1297290225"
    },
    {
      "OrderNumber": "3",
      "ImageName": "MicrosoftJigsaw.png",
      "StoreId": "1297292166",
      "GameName": "Microsoft Jigsaw",
      "PFN": "Microsoft.MicrosoftJigsaw_8wekyb3d8bbwe",
	  "Referrer": "MCG_solitaire_othergames",
      "Protocol": "xboxliveapp-1297292166"
    },
    {
      "OrderNumber": "4",
      "ImageName": "MicrosoftSudoku.png",
      "StoreId": "1297292189",
      "GameName": "Microsoft Sudoku",
      "PFN": "Microsoft.MicrosoftSudoku_8wekyb3d8bbwe",
	  "Referrer": "MCG_solitaire_othergames",
      "Protocol": "xboxliveapp-1297292189"
    },
    {
      "OrderNumber": "5",
      "ImageName": "MicrosoftMinesweeper.png",
      "StoreId": "1297290226",
      "GameName": "Microsoft Minesweeper",
      "PFN": "Microsoft.MicrosoftMinesweeper_8wekyb3d8bbwe",
	  "Referrer": "MCG_solitaire_othergames",
      "Protocol": "xboxliveapp-1297290226"
    },
    {
      "OrderNumber": "6",
      "ImageName": "MicrosoftTreasureHunt.png",
      "StoreId": "1297292186",
      "GameName": "Microsoft Treasure Hunt",
      "PFN": "Microsoft.MicrosoftTreasureHunt_8wekyb3d8bbwe",
	  "Referrer": "MCG_solitaire_othergames",
      "Protocol": "xboxliveapp-1297292186"
    },
	{
      "OrderNumber": "7",
      "ImageName": "MicrosoftBingo.png",
      "StoreId": "1297292176",
      "GameName": "Microsoft Bingo",
      "PFN": "Microsoft.MicrosoftBingo_8wekyb3d8bbwe",
	  "Referrer": "MCG_solitaire_othergames",
      "Protocol": "fb540541885996234"
    },
    {
      "OrderNumber": "8",
      "ImageName": "MicrosoftJackpot.png",
      "StoreId": "1297292165",
      "GameName": "Microsoft Jackpot",
      "PFN": "Microsoft.MicrosoftJackpot_8wekyb3d8bbwe",
	  "Referrer": "MCG_solitaire_othergames",
      "Protocol": "xboxliveapp-1297292165"
    }
  ],
  "CasualGamesV2": [
    {
      "OrderNumber": "1",
      "ImageName": "MicrosoftUltimateWordGames.png",
      "StoreId": "534004979",
      "GameName": "Microsoft Ultimate Word Games",
      "PFN": "Microsoft.Studios.Wordament_8wekyb3d8bbwe",
   	  "Referrer": "MCG_solitaire_othergames",
      "Protocol": "xboxliveapp-534004979"
    },
	{
      "OrderNumber": "2",
      "ImageName": "MicrosoftMahjong.png",
      "StoreId": "1297290225",
      "GameName": "Microsoft Mahjong",
      "PFN": "Microsoft.MicrosoftMahjong_8wekyb3d8bbwe",
	  "Referrer": "MCG_solitaire_othergames",
      "Protocol": "xboxliveapp-1297290225"
    },
    {
      "OrderNumber": "3",
      "ImageName": "MicrosoftJigsaw.png",
      "StoreId": "1297292166",
      "GameName": "Microsoft Jigsaw",
      "PFN": "Microsoft.MicrosoftJigsaw_8wekyb3d8bbwe",
	  "Referrer": "MCG_solitaire_othergames",
      "Protocol": "xboxliveapp-1297292166"
    },
    {
      "OrderNumber": "4",
      "ImageName": "MicrosoftSudoku.png",
      "StoreId": "1297292189",
      "GameName": "Microsoft Sudoku",
      "PFN": "Microsoft.MicrosoftSudoku_8wekyb3d8bbwe",
	  "Referrer": "MCG_solitaire_othergames",
	  "HideFromCulture": "ja-JP;ja",
      "Protocol": "xboxliveapp-1297292189"
    },
    {
      "OrderNumber": "5",
      "ImageName": "MicrosoftMinesweeper.png",
      "StoreId": "1297290226",
      "GameName": "Microsoft Minesweeper",
      "PFN": "Microsoft.MicrosoftMinesweeper_8wekyb3d8bbwe",
	  "Referrer": "MCG_solitaire_othergames",
	  "HideFromCulture": "it-It",
      "Protocol": "xboxliveapp-1297290226"
    },
    {
      "OrderNumber": "6",
      "ImageName": "MicrosoftTreasureHunt.png",
      "StoreId": "1297292186",
      "GameName": "Microsoft Treasure Hunt",
      "PFN": "Microsoft.MicrosoftTreasureHunt_8wekyb3d8bbwe",
	  "Referrer": "MCG_solitaire_othergames",
      "Protocol": "xboxliveapp-1297292186"
    },
	{
      "OrderNumber": "7",
      "ImageName": "MicrosoftBingo.png",
      "StoreId": "1297292176",
      "GameName": "Microsoft Bingo",
      "PFN": "Microsoft.MicrosoftBingo_8wekyb3d8bbwe",
	  "Referrer": "MCG_solitaire_othergames",
      "Protocol": "fb540541885996234"
    },
    {
      "OrderNumber": "8",
      "ImageName": "MicrosoftJackpot.png",
      "StoreId": "1297292165",
      "GameName": "Microsoft Jackpot",
      "PFN": "Microsoft.MicrosoftJackpot_8wekyb3d8bbwe",
	  "Referrer": "MCG_solitaire_othergames",
      "Protocol": "xboxliveapp-1297292165"
    },
    {
      "OrderNumber": "9",
      "ImageName": "MicrosoftNumberPuzzle.png",
      "StoreId": "1297292190",
      "GameName": "Microsoft Number Puzzle",
      "PFN": "Microsoft.MicrosoftNumberPuzzle_8wekyb3d8bbwe",
	  "Referrer": "MCG_solitaire_othergames",
      "ShowForCulture": "ja-JP;ja",
      "VisibleFor": ".JP;ja-JP;ja",
      "Protocol": "xboxliveapp-1297292190"
    },
    {
      "OrderNumber": "10",
      "ImageName": "MicrosoftMinesweeper1.png",
      "StoreId": "1297290226",
      "GameName": "Microsoft Minesweeper",
      "PFN": "Microsoft.MicrosoftMinesweeper_8wekyb3d8bbwe",
	  "Referrer": "MCG_solitaire_othergames",
      "ShowForCulture": "it-It",
      "VisibleFor": ".IT;it-IT",
      "Protocol": "xboxliveapp-1297290226"
    }
  ],
  "MobileCasualGames": [
    {
      "OrderNumber": "1",
      "ImageName": "MicrosoftMahjong.png",
      "StoreId": "1297290225",
      "GameName": "Microsoft Mahjong",
      "PFN": "Microsoft.MicrosoftMahjong_8wekyb3d8bbwe",
	  "Referrer": "MCG_solitaire_othergames",
      "Protocol": "xboxliveapp-1297290225"
    },
    {
      "OrderNumber": "2",
      "ImageName": "MicrosoftMinesweeper.png",
      "StoreId": "1297290226",
      "GameName": "Microsoft Minesweeper",
      "PFN": "Microsoft.MicrosoftMinesweeper_8wekyb3d8bbwe",
	  "Referrer": "MCG_solitaire_othergames",
      "Protocol": "xboxliveapp-1297290226"
    },
    {
      "OrderNumber": "3",
      "ImageName": "MicrosoftBingo.png",
      "StoreId": "1297292176",
      "GameName": "Microsoft Bingo",
      "PFN": "Microsoft.MicrosoftBingo_8wekyb3d8bbwe",
	  "Referrer": "MCG_solitaire_othergames",
      "Protocol": "fb540541885996234"
    },
    {
      "OrderNumber": "4",
      "ImageName": "CastleSiege.png",
      "StoreId": "1297292164",
      "GameName": "Castle Siege",
      "PFN": "Microsoft.AgeCastles_8wekyb3d8bbwe",
	  "Referrer": "MCG_solitaire_othergames",
      "Protocol": "xboxliveapp-1297292164"
    },
	{
	  "OrderNumber": "5",
      "ImageName": "MicrosoftMinesweeper1.png",
      "StoreId": "1297290226",
      "GameName": "Microsoft Minesweeper",
      "PFN": "Microsoft.MicrosoftMinesweeper_8wekyb3d8bbwe",
	  "Referrer": "MCG_solitaire_othergames",
      "ShowForCulture": "it-It",
      "VisibleFor": ".IT;it-IT",
      "Protocol": "xboxliveapp-1297290226"
    }
  ]
}